{
  "title":"Matrix chain multiplication",
  "description": "Live Python Coding problems (problem statement, tests, and solutions are included) for Recitation 21 on matrix chain multiplication. (This zip file includes: 3 .py files, 1 .pyc file, 1 .rb file, and 6 data files.)",
  "file": "/courses/6-006-introduction-to-algorithms-spring-2008/7ef5586bcc38569cc531071caff31877_r21_parens.zip",
  "learning_resource_types": ["Recitations"],
  "resource_type": "Other",
  "file_type": "application/zip"}
