{
  "title":"6-006s08.jpg",
  "description": "Rotation of a binary search tree, from the Recitation #4 slides. (Figure courtesy of Victor Costan.)",
  "file": "/courses/6-006-introduction-to-algorithms-spring-2008/e70f9dc26e07c50a789d0701ffc60383_6-006s08.jpg",
  "learning_resource_types": [],
  "resource_type": "Image",
  "file_type": "image/jpeg",
  "image_metadata": {"caption":"Rotation of a binary search tree, from the Recitation #4 slides. (Figure courtesy of Victor Costan.)","credit":"","image-alt":"Diagram of a binary search tree before and after rotation."}}
