{
  "title":"Longest zig-zag subsequence",
  "description": "Live Python Coding problems (problem statement, tests, and solutions are included) for Recitation 21 on longest zig-zag subsequence. (This zip file includes: 3 .py files, 1 .pyc file, 1 .rb file, and 6 data files.)",
  "file": "/courses/6-006-introduction-to-algorithms-spring-2008/180ea8703e4c9d04c35497cfedfdd3f0_r21_sequence.zip",
  "learning_resource_types": ["Recitations"],
  "resource_type": "Other",
  "file_type": "application/zip"}
