<?xml version="1.0" encoding="utf-8" standalone="yes"?>
<rss version="2.0" xmlns:atom="http://www.w3.org/2005/Atom">
  <channel>
    <title>Lecture Notes on MIT OpenCourseWare</title>
    <link>/resources/lecture-notes/</link>
    <description>Recent content in Lecture Notes on MIT OpenCourseWare</description>
    <generator>Hugo -- gohugo.io</generator>
    <language>en-us</language><atom:link href="/resources/lecture-notes/index.xml" rel="self" type="application/rss+xml" />
    <item>
      <title>Lecture 1: Introduction and the Document Distance Problem</title>
      <link>/resources/lec1/data.json</link>
      <pubDate>Mon, 01 Jan 0001 00:00:00 +0000</pubDate>
      
      <guid>/resources/lec1/data.json</guid>
      <description>Lecture notes with an introduction to the course and discussion of the document distance problem.</description>
    </item>
    
    <item>
      <title>Lecture 10: Sorting III: Linear Bounds Linear-Time Sorting</title>
      <link>/resources/lec10/data.json</link>
      <pubDate>Mon, 01 Jan 0001 00:00:00 +0000</pubDate>
      
      <guid>/resources/lec10/data.json</guid>
      <description>Lecture notes on sorting, linear bounds, sorting lower bounds, decision trees, linear-time sorting, and counting sort.</description>
    </item>
    
    <item>
      <title>Lecture 11: Sorting IV: Stable Sorting, Radix Sort</title>
      <link>/resources/lec11/data.json</link>
      <pubDate>Mon, 01 Jan 0001 00:00:00 +0000</pubDate>
      
      <guid>/resources/lec11/data.json</guid>
      <description>Lecture notes on sorting, stable sorting, Radix sort, quick sort, and sorting races.</description>
    </item>
    
    <item>
      <title>Lecture 12: Searching I: Graph Search and Representations</title>
      <link>/resources/lec12/data.json</link>
      <pubDate>Mon, 01 Jan 0001 00:00:00 +0000</pubDate>
      
      <guid>/resources/lec12/data.json</guid>
      <description>Lecture notes on searching, graph search, applications, graph representations, and introduction to breadth-first and depth-first search.</description>
    </item>
    
    <item>
      <title>Lecture 13: Searching II: Breadth-First Search and Depth-First Search</title>
      <link>/resources/lec13/data.json</link>
      <pubDate>Mon, 01 Jan 0001 00:00:00 +0000</pubDate>
      
      <guid>/resources/lec13/data.json</guid>
      <description>Lecture notes on searching, breadth-first search, shortest paths, depth-first search, and edge classification.</description>
    </item>
    
    <item>
      <title>Lecture 14: Searching III: Toplogical Sort and NP-completeness</title>
      <link>/resources/lec14/data.json</link>
      <pubDate>Mon, 01 Jan 0001 00:00:00 +0000</pubDate>
      
      <guid>/resources/lec14/data.json</guid>
      <description>Lecture notes on searching, BFS vs. DFS, job scheduling, topological sort, intractable problems, P, NP, and NP-completeness.</description>
    </item>
    
    <item>
      <title>Lecture 15: Shortest Paths I: Intro</title>
      <link>/resources/lec15/data.json</link>
      <pubDate>Mon, 01 Jan 0001 00:00:00 +0000</pubDate>
      
      <guid>/resources/lec15/data.json</guid>
      <description>Lecture notes on shortest paths, weighted graphs, negative edges, and optimal substructure.</description>
    </item>
    
    <item>
      <title>Lecture 16: Shortest Paths II: Bellman-Ford</title>
      <link>/resources/lec16/data.json</link>
      <pubDate>Mon, 01 Jan 0001 00:00:00 +0000</pubDate>
      
      <guid>/resources/lec16/data.json</guid>
      <description>Lecture notes on shortest paths, notation, generic S.P. algorithm, Bellman-Ford algorithm, analysis, and correctness.</description>
    </item>
    
    <item>
      <title>Lecture 17: Shortest Paths III -Dijkstra and Special Cases</title>
      <link>/resources/lec17/data.json</link>
      <pubDate>Mon, 01 Jan 0001 00:00:00 +0000</pubDate>
      
      <guid>/resources/lec17/data.json</guid>
      <description>Lecture notes on shortest paths in DAGs, shortest paths in graphs without negative edges, and Dijkstra’s algorithm.</description>
    </item>
    
    <item>
      <title>Lecture 18: Shortest Paths IV - Speeding up Dijkstra</title>
      <link>/resources/lec18/data.json</link>
      <pubDate>Mon, 01 Jan 0001 00:00:00 +0000</pubDate>
      
      <guid>/resources/lec18/data.json</guid>
      <description>Lecture notes on shortest paths, single-source single-target Dijkstra, bidirectional search, and goal directed search - potentials and landmarks.</description>
    </item>
    
    <item>
      <title>Lecture 19: Dynamic Programming I: Memoization, Fibonacci, Crazy Eights, Guessing</title>
      <link>/resources/lec19/data.json</link>
      <pubDate>Mon, 01 Jan 0001 00:00:00 +0000</pubDate>
      
      <guid>/resources/lec19/data.json</guid>
      <description>Lecture notes on dynamic programming, memoization and subproblems, Fibonacci, shortest paths, crazy eights, and guessing viewpoint. Guessing Viewpoint</description>
    </item>
    
    <item>
      <title>Lecture 2: More on the Document Distance Problem</title>
      <link>/resources/lec2/data.json</link>
      <pubDate>Mon, 01 Jan 0001 00:00:00 +0000</pubDate>
      
      <guid>/resources/lec2/data.json</guid>
      <description>Lecture notes on improving the algorithm for solving the document distance problem.</description>
    </item>
    
    <item>
      <title>Lecture 20: Dynamic Programming II: Longest Common Subsequence, Parent Pointers</title>
      <link>/resources/lec20/data.json</link>
      <pubDate>Mon, 01 Jan 0001 00:00:00 +0000</pubDate>
      
      <guid>/resources/lec20/data.json</guid>
      <description>Lecture notes on dynamic programming, longest common subsequence, bottom-up implementation, and parent pointers for guesses.</description>
    </item>
    
    <item>
      <title>Lecture 21: Dynamic Programming III: Text Justication, Parenthesization, Knapsack, Pseudopolynomial Time, Tetris Training</title>
      <link>/resources/lec21/data.json</link>
      <pubDate>Mon, 01 Jan 0001 00:00:00 +0000</pubDate>
      
      <guid>/resources/lec21/data.json</guid>
      <description>Lecture notes on text justication, parenthesization, knapsack, pseudopolynomial time, and Tetris training.</description>
    </item>
    
    <item>
      <title>Lecture 22: Dynamic Programming IV: Piano Fingering, Structural DP (Trees), Vertex Cover, Dominating Set, Beyond</title>
      <link>/resources/lec22/data.json</link>
      <pubDate>Mon, 01 Jan 0001 00:00:00 +0000</pubDate>
      
      <guid>/resources/lec22/data.json</guid>
      <description>Lecture notes on dynamic programming, piano fingering, structural DP (trees), vertex cover, dominating set, treewidth, planar graphs, and folding.</description>
    </item>
    
    <item>
      <title>Lecture 23: Numerics I</title>
      <link>/resources/lec23/data.json</link>
      <pubDate>Mon, 01 Jan 0001 00:00:00 +0000</pubDate>
      
      <guid>/resources/lec23/data.json</guid>
      <description>Lecture notes on numerics, irrationals, Newton&amp;rsquo;s method, and high precision multiplication.</description>
    </item>
    
    <item>
      <title>Lecture 24: Numerics II</title>
      <link>/resources/lec24/data.json</link>
      <pubDate>Mon, 01 Jan 0001 00:00:00 +0000</pubDate>
      
      <guid>/resources/lec24/data.json</guid>
      <description>Lecture notes on numerics, high precision arithmetic, multiplication, division, error analysis, and termination.</description>
    </item>
    
    <item>
      <title>Lecture 25: Beyond 6.006: Follow-on Classes, Geometric Folding Algorithms</title>
      <link>/resources/lec25/data.json</link>
      <pubDate>Mon, 01 Jan 0001 00:00:00 +0000</pubDate>
      
      <guid>/resources/lec25/data.json</guid>
      <description>Lecture notes with a list of follow-on classes on algorithms and theory.</description>
    </item>
    
    <item>
      <title>Lecture 3: Scheduling and Binary Search Trees</title>
      <link>/resources/lec3/data.json</link>
      <pubDate>Mon, 01 Jan 0001 00:00:00 +0000</pubDate>
      
      <guid>/resources/lec3/data.json</guid>
      <description>Lecture notes on scheduling, a runway reservation system, how to solve with lists, binary search trees, and operations.</description>
    </item>
    
    <item>
      <title>Lecture 4: Balanced Binary Search Trees</title>
      <link>/resources/lec4/data.json</link>
      <pubDate>Mon, 01 Jan 0001 00:00:00 +0000</pubDate>
      
      <guid>/resources/lec4/data.json</guid>
      <description>Lecture notes on balanced binary search trees, the importance of being balanced, AVL trees, other balanced trees, and data structures in general.</description>
    </item>
    
    <item>
      <title>Lecture 5: Hashing I: Chaining, Hash Functions</title>
      <link>/resources/lec5/data.json</link>
      <pubDate>Mon, 01 Jan 0001 00:00:00 +0000</pubDate>
      
      <guid>/resources/lec5/data.json</guid>
      <description>Lecture notes on hashing, dictionaries and Python, motivation, hash functions, chaining, simple uniform hashing, and “Good” hash functions.</description>
    </item>
    
    <item>
      <title>Lecture 6: Hashing II: Table Doubling, Karp-Rabin</title>
      <link>/resources/lec6/data.json</link>
      <pubDate>Mon, 01 Jan 0001 00:00:00 +0000</pubDate>
      
      <guid>/resources/lec6/data.json</guid>
      <description>Lecture notes on hashing, table doubling, table resizing, amortization, string matching and Karp-Rabin, and rolling hash.</description>
    </item>
    
    <item>
      <title>Lecture 7: Hashing III: Open Addressing</title>
      <link>/resources/lec7/data.json</link>
      <pubDate>Mon, 01 Jan 0001 00:00:00 +0000</pubDate>
      
      <guid>/resources/lec7/data.json</guid>
      <description>Lecture notes on hashing, open addressing, probing strategies, uniform hashing, and advanced hashing.</description>
    </item>
    
    <item>
      <title>Lecture 8: Sorting I: Heaps</title>
      <link>/resources/lec8/data.json</link>
      <pubDate>Mon, 01 Jan 0001 00:00:00 +0000</pubDate>
      
      <guid>/resources/lec8/data.json</guid>
      <description>Lecture notes on sorting, insertion sort, merge sort, selection sort, and heaps.</description>
    </item>
    
    <item>
      <title>Lecture 9: Sorting II: Heaps</title>
      <link>/resources/lec9/data.json</link>
      <pubDate>Mon, 01 Jan 0001 00:00:00 +0000</pubDate>
      
      <guid>/resources/lec9/data.json</guid>
      <description>Lecture notes on sorting, heaps and MAX_HEAPIFY, building a heap, heap sort, and priority queues.</description>
    </item>
    
    <item>
      <title>Lecture Notes</title>
      <link>/pages/lecture-notes/data.json</link>
      <pubDate>Mon, 01 Jan 0001 00:00:00 +0000</pubDate>
      
      <guid>/pages/lecture-notes/data.json</guid>
      <description>The lecture notes in this section were transcribed from the professors&amp;rsquo; handwritten notes by graduate student Pavitra Krishnaswamy. The handwritten notes can be found on the Lectures and Recitations page of the original 6.006 Web site.
LEC # TOPICS SUPPORTING FILES Introduction and document distance L1 Introduction and document distance (PDF) Document distance (docdist{1,2,3,4}.py) L2 More document distance, mergesort (PDF) Document distance (docdist{5,6}.py) Binary search trees L3 Airplane scheduling, binary search trees (PDF - 1.</description>
    </item>
    
    <item>
      <title>Numerics Demo</title>
      <link>/resources/numerics_demo/data.json</link>
      <pubDate>Mon, 01 Jan 0001 00:00:00 +0000</pubDate>
      
      <guid>/resources/numerics_demo/data.json</guid>
      <description>Source code for a numerics demonstration supporting Lecture 23. (This zip file includes: 14 .js files, 2 .html files, 1 .css file, and 1 .project file.)</description>
    </item>
    
    <item>
      <title>Simple Python code for graphs</title>
      <link>/resources/graph/data.json</link>
      <pubDate>Mon, 01 Jan 0001 00:00:00 +0000</pubDate>
      
      <guid>/resources/graph/data.json</guid>
      <description>Supporting file for Lecture 12 containing simple Python code for graphs.</description>
    </item>
    
  </channel>
</rss>
