{
  "title":"Lecture 22: Dynamic Programming IV: Piano Fingering, Structural DP (Trees), Vertex Cover, Dominating Set, Beyond",
  "description": "Lecture notes on dynamic programming, piano fingering, structural DP (trees), vertex cover, dominating set, treewidth, planar graphs, and folding.",
  "file": "/courses/6-006-introduction-to-algorithms-spring-2008/2ca17b35ce6a91d78745e876a1bdf1f7_lec22.pdf",
  "learning_resource_types": ["Lecture Notes"],
  "resource_type": "Document",
  "file_type": "application/pdf"}
