<?xml version="1.0" encoding="utf-8" standalone="yes"?>
<rss version="2.0" xmlns:atom="http://www.w3.org/2005/Atom">
  <channel>
    <title>Exams on MIT OpenCourseWare</title>
    <link>/resources/exams/</link>
    <description>Recent content in Exams on MIT OpenCourseWare</description>
    <generator>Hugo -- gohugo.io</generator>
    <language>en-us</language><atom:link href="/resources/exams/index.xml" rel="self" type="application/rss+xml" />
    <item>
      <title>Exams</title>
      <link>/pages/exams/data.json</link>
      <pubDate>Mon, 01 Jan 0001 00:00:00 +0000</pubDate>
      
      <guid>/pages/exams/data.json</guid>
      <description>This section contains practice questions and solutions for the two quizzes and the final exam.
Quiz 1 Practice Questions (PDF)
Practice Solutions (PDF)
Quiz 2 Practice Questions (PDF)
Practice Solutions (PDF)
Final Exam Practice Questions (PDF)
Practice Solutions (PDF)</description>
    </item>
    
    <item>
      <title>Final Practice Problem Solutions</title>
      <link>/resources/final_soln/data.json</link>
      <pubDate>Mon, 01 Jan 0001 00:00:00 +0000</pubDate>
      
      <guid>/resources/final_soln/data.json</guid>
      <description>Solutions to practice problems for the Final Exam.</description>
    </item>
    
    <item>
      <title>Final Practice Problems</title>
      <link>/resources/final/data.json</link>
      <pubDate>Mon, 01 Jan 0001 00:00:00 +0000</pubDate>
      
      <guid>/resources/final/data.json</guid>
      <description>Practice problems to prepare students for the Final Exam.</description>
    </item>
    
    <item>
      <title>Quiz 1 Practice Problem Solutions</title>
      <link>/resources/solutions1/data.json</link>
      <pubDate>Mon, 01 Jan 0001 00:00:00 +0000</pubDate>
      
      <guid>/resources/solutions1/data.json</guid>
      <description>Solutions to practice problems for Quiz 1.</description>
    </item>
    
    <item>
      <title>Quiz 1 Practice Problems</title>
      <link>/resources/quiz1/data.json</link>
      <pubDate>Mon, 01 Jan 0001 00:00:00 +0000</pubDate>
      
      <guid>/resources/quiz1/data.json</guid>
      <description>Practice problems to prepare students for Quiz 1.</description>
    </item>
    
    <item>
      <title>Quiz 2 Practice Problem Solutions</title>
      <link>/resources/solutions2/data.json</link>
      <pubDate>Mon, 01 Jan 0001 00:00:00 +0000</pubDate>
      
      <guid>/resources/solutions2/data.json</guid>
      <description>Solutions to practice problems for Quiz 2.</description>
    </item>
    
    <item>
      <title>Quiz 2 Practice Problems</title>
      <link>/resources/quiz2/data.json</link>
      <pubDate>Mon, 01 Jan 0001 00:00:00 +0000</pubDate>
      
      <guid>/resources/quiz2/data.json</guid>
      <description>Practice problems to prepare students for Quiz 2.</description>
    </item>
    
  </channel>
</rss>
