<?xml version="1.0" encoding="utf-8" standalone="yes"?>
<rss version="2.0" xmlns:atom="http://www.w3.org/2005/Atom">
  <channel>
    <title>Readings on MIT OpenCourseWare</title>
    <link>/resources/readings/</link>
    <description>Recent content in Readings on MIT OpenCourseWare</description>
    <generator>Hugo -- gohugo.io</generator>
    <language>en-us</language><atom:link href="/resources/readings/index.xml" rel="self" type="application/rss+xml" />
    <item>
      <title>Readings</title>
      <link>/pages/readings/data.json</link>
      <pubDate>Mon, 01 Jan 0001 00:00:00 +0000</pubDate>
      
      <guid>/pages/readings/data.json</guid>
      <description>In the table below, readings listed as CLRS are taken from the course textbook:
Cormen, Thomas, Charles Leiserson, Ronald Rivest, and Clifford Stein. Introduction to Algorithms. 2nd ed. Cambridge, MA: MIT Press, 2001. ISBN: 9780262032933.
LEC # TOPICS READINGS Introduction and document distance L1 Introduction and document distance CLRS, chapters 1-3 L2 More document distance, mergesort CLRS, sections 11.1-11.2 Binary search trees L3 Airplane scheduling, binary search trees CLRS, chapter 10 and sections 12.</description>
    </item>
    
  </channel>
</rss>
