{"00845792-11f6-874f-b952-58a10a701ae3":"/resources/lec2/data.json","04938996-792c-2a5d-bcb8-1d5371475def":"/pages/syllabus/data.json","06b7d216-f76e-9941-83e7-f8affc8397c6":"/resources/recitation03/data.json","0946f443-7502-b62e-008a-9ec985833285":"/pages/readings/data.json","09aba98b-646b-8e92-5c8b-71a1c12cbb56":"/resources/final_soln/data.json","0c8bb24e-f916-68bf-e85f-1eaee80e72a0":"/resources/lec11/data.json","0fbe5d46-b816-de10-cfac-20026dcefc2b":"/pages/calendar/data.json","1118bef3-88d5-c8d9-3a86-e361bc4dda4b":"/resources/ps4_rubik/data.json","113a6ea7-3c41-ca9c-8a81-7be58c99e3e4":"/resources/lec19/data.json","113ace03-3776-d7ff-b3e6-2334a3acdba4":"/resources/recitation04/data.json","12431a9f-f628-cbe4-e75d-5600cee8e7fb":"/resources/ps6_fib/data.json","12cf6cdb-54c2-889a-8feb-0872ff57886d":"/resources/ps4_template/data.json","180ea870-3e4c-9d04-c354-97cfedfdd3f0":"/resources/r21_sequence/data.json","1986024f-c785-732d-48dc-2e8d3780df1b":"/resources/lec20/data.json","1f940ab4-5156-183a-323e-dd0011317452":"/resources/lec4/data.json","2035a9a2-54b6-0ac6-da85-944bba3a48b1":"/resources/recitation02/data.json","231d17be-da75-718f-4e6b-404e70bf4727":"/resources/6-006s08-th/data.json","2436c511-54bf-793e-c024-8a27a4fd9994":"/resources/ps5_template/data.json","26f81dc8-53b4-980d-8c08-73c0f8875268":"/resources/lec3/data.json","2722a99c-1b49-cc24-b994-a9e08473a3d6":"/resources/recitation18/data.json","2ca17b35-ce6a-91d7-8745-e876a1bdf1f7":"/resources/lec22/data.json","2cc0efa3-0d15-4a5e-c5e1-61a0adcfc373":"/resources/lec6/data.json","2f8908fe-7e97-f9dd-8481-0e7e48d4f75e":"/resources/lec12/data.json","2fe73f0f-61f1-43e7-b919-cd3cb921d1c8":"/resources/recitation01/data.json","307565d5-6e76-3e95-afc9-7253854c17aa":"/resources/ps6-1/data.json","32a67064-cd7f-9fef-4af6-ad189ff55946":"/resources/ps6_template/data.json","3319dd2c-718a-c545-917c-4212920b1b2e":"/resources/lec5/data.json","3328a09b-fcac-5b0a-ede0-e511ebd98051":"/resources/avl_r/data.json","34e6c343-139f-dd75-4030-9daf829779e0":"/resources/recitation02_data/data.json","35538eb5-7d84-3fd0-0c9d-5c89efd779a9":"/resources/ps6_all/data.json","36eedd30-352e-1fd5-ffaa-9a5dc9d2ba93":"/resources/ps3_heap/data.json","37e14053-895c-e08f-bcff-33f0794003ad":"/pages/lecture-notes/data.json","3993cca7-1130-960c-c5f1-a55e8b8e1585":"/resources/lec18/data.json","3c833c01-f956-db61-448f-df390fe93f74":"/resources/ps2-1/data.json","3cab633e-155d-b13f-51d9-498f658b48ac":"/resources/ps5-1/data.json","3de9048a-bfd4-655d-b6c0-7deda5aacc48":"/resources/numerics_demo/data.json","41c3e756-48f9-30be-2bf6-fe8b787b4c85":"/resources/dfs/data.json","43cf6b59-b767-a162-0bbb-19603a89793a":"/resources/rolling_hash/data.json","48cfd556-ecab-cab1-df19-7c8e05509a74":"/resources/ps5_dijkstra/data.json","4c1bfadc-7c43-8eb8-5c7a-87ba2228ed57":"/resources/ps2_template/data.json","4c351a8d-f3f5-64c7-23bf-5a22dc27e172":"/resources/solutions2/data.json","4cba0f3f-3243-7aeb-c2df-74212e2ebeb9":"/resources/lec16/data.json","4ce619b4-efda-1ca1-2d0c-65b504c73bc9":"/resources/lec9/data.json","4f64b4e4-f729-4e98-6574-166085a86c82":"/resources/recitation12/data.json","52f25050-a276-72e9-cfea-f8d4bf8c2db0":"/resources/ps3-1/data.json","540dcdd7-75df-0570-808f-0644e276be9c":"/resources/recitation09/data.json","57c2b5db-311a-cc50-9941-d0ac7301f4d2":"/resources/ps6/data.json","597c0122-692c-795f-75f8-b266e8a2c3e0":"/resources/recitation05/data.json","5df9822c-5898-ce71-bc43-3d71908563d3":"/resources/ps1-1/data.json","6038dc3c-e09f-bc44-781f-e5f6524accbd":"/resources/ps4/data.json","6204cbae-f8df-87b4-64ef-1d11eaaaad3e":"/resources/ps1_template/data.json","632e5899-185f-327a-5e13-74ff5a782362":"/resources/ps3/data.json","699bc3c0-c210-33be-7220-93c8c937698e":"/resources/lec7/data.json","6e69e3f3-5036-ed4e-e806-c46a843596a6":"/resources/open_addressing_explicit/data.json","75a3080a-460f-b79c-93d0-5d96addfb88c":"/resources/lec8/data.json","769009ba-e07c-3f5e-61b8-3af4764065df":"/pages/related-resources/data.json","7ef5586b-cc38-569c-c531-071caff31877":"/resources/r21_parens/data.json","8935ea79-af29-9bce-6930-065003b0f83d":"/resources/ps6_progress/data.json","8dc7d6c4-34f7-7512-3e1b-f906c2773939":"/resources/lec13/data.json","8e4bb819-e77b-efa6-38a4-cbe1fee9c261":"/resources/recitation06/data.json","91770ad0-733c-823e-aa58-16fed6d7e3fc":"/resources/lec23/data.json","962f74c2-1810-7cd2-4a11-4361ecda2da9":"/pages/assignments/data.json","977e8874-11d8-d029-4782-2552324c99e8":"/pages/recitations/data.json","9a811f72-d3bd-e79b-fdab-4ba32b9868b1":"/resources/ps4-1/data.json","a27380e8-7a41-5d4c-2e95-04f9f736b5e1":"/resources/recitation11/data.json","a29d132e-29f4-1225-b5d0-2713875ac3d3":"/resources/recitation08/data.json","a55d4d05-49da-8e57-fac4-5ed852fe906e":"/resources/bfs/data.json","a729b497-844a-141d-b1f1-e52cb5b9cb69":"/resources/lec25/data.json","a989a9d0-1e81-b142-1c23-2248eae2795e":"/resources/lec15/data.json","aa3e9625-cd91-ee9a-3c93-944f340fcaa1":"/resources/lec24/data.json","adfd9dfd-8a59-9585-98b5-e4af28e9ee17":"/pages/exams/data.json","af7c4d7d-015b-b24d-82ea-f16bfade52c2":"/resources/quiz1/data.json","b151dd58-e3ea-869c-ee22-5fd534b970dc":"/resources/quiz2/data.json","bfbad56d-e149-e624-5cc3-71bc918982cb":"/resources/lec21/data.json","c107a54c-3aa4-2950-7da4-b01c85a2e9dd":"/resources/recitation17/data.json","c13f7ea9-5b92-5089-8cdc-f86abacad258":"/resources/recitation07/data.json","c325ca17-99dd-86ed-caf6-13d3afd00ed3":"/resources/mutable_dictkey/data.json","ca1fa32a-92f8-3a33-e965-6028e80b2622":"/resources/graph/data.json","cdc627fb-d05e-dbe0-e9a4-80e45c8c827e":"/resources/lec14/data.json","cddc3e40-7aaa-b816-4f61-eb53eda7ccab":"/resources/ps3_gas/data.json","d0c37401-0e67-684b-56b7-352a226c81c2":"/resources/ps1/data.json","d0d1b066-6eda-54f5-b857-17b26d0f5d2b":"/resources/recitation16/data.json","d66dcd58-c2e1-4ccc-88ce-99dddb9f1f8c":"/resources/ps5/data.json","d6f1166e-5e31-a3db-b5de-b46edbcf3818":"/resources/ps6_image/data.json","d7b44c61-e2e9-090f-e0f4-066480908a58":"/resources/ps2_dna/data.json","d85d1907-e006-1aae-7847-f9872962d1c5":"/resources/recitation23/data.json","db4aebc0-875e-0e35-41d0-8d767dc5f54f":"/resources/lec1/data.json","dd3f6f75-b10e-e049-ad00-e0b4c348e194":"/resources/solutions1/data.json","de8d43b3-5467-89a5-dc67-7ae5c5915ff0":"/resources/lec17/data.json","e31d1f40-9ec2-d488-d972-9a18a3b73f6d":"/resources/bstsize_r/data.json","e70f9dc2-6e07-c50a-789d-0701ffc60383":"/resources/6-006s08/data.json","ef30b646-0cd5-a24a-6d22-8f603ac89e84":"/resources/ps3_template/data.json","f092477e-826b-26a9-a26f-d192bd2ec2b2":"/resources/recitation14/data.json","f521391c-3ebc-4e41-a16d-5ee4f5e2094f":"/resources/ps1_docdist/data.json","f66134f4-db09-4c49-a9ed-9d518a6ddef1":"/resources/ps2_bst/data.json","f7cb95d4-1e93-5e82-349b-aebd8361b164":"/resources/lec10/data.json","fa7e40b3-da81-b27f-4e11-70e38795a9a8":"/resources/ps2/data.json","fa8475a5-b4cb-57d5-e857-582983ba1e32":"/resources/final/data.json","fd2ccf30-4d8c-78a5-a0df-c52ae436f721":"/resources/ps6_change/data.json"}